,Subclass,Hierarchy_1,Hierarchy_2
0,subclass,AbnormalAnatomicalStructure,AnatomicalStructure
1,subclass,Abstract,Entity
2,subclass,Adjective,Word
3,subclass,Adverb,Word
4,subclass,Advertising,Disseminating
5,subclass,AgeGroup,GroupOfPeople
6,subclass,Agent,Object
7,subclass,Air,GasMixture
8,subclass,AlethicAttribute,ObjectiveNorm
9,subclass,Alga,NonFloweringPlant
10,subclass,Ambulating,BodyMotion
11,subclass,Ambulating,Translocation
12,subclass,Amphibian,ColdBloodedVertebrate
13,subclass,AnatomicalStructure,OrganicObject
14,subclass,AngleMeasure,ConstantQuantity
15,subclass,AnimacyAttribute,BiologicalAttribute
16,subclass,Animal,Organism
17,subclass,AnimalAnatomicalStructure,AnatomicalStructure
18,subclass,AnimalLanguage,Language
19,subclass,AnimalSubstance,BodySubstance
20,subclass,AntiSymmetricPositionalAttribute,PositionalAttribute
21,subclass,AntisymmetricRelation,BinaryRelation
22,subclass,Ape,Primate
23,subclass,April,Month
24,subclass,AquaticMammal,Mammal
25,subclass,Arachnid,Arthropod
26,subclass,AreaMeasure,FunctionQuantity
27,subclass,Argument,Proposition
28,subclass,ArtWork,Artifact
29,subclass,Arthropod,Invertebrate
30,subclass,Artifact,Object
31,subclass,ArtificialLanguage,Language
32,subclass,AsexualReproduction,Replication
33,subclass,AssociativeFunction,BinaryFunction
34,subclass,AstronomicalBody,Object
35,subclass,AsymmetricRelation,AntisymmetricRelation
36,subclass,AsymmetricRelation,IrreflexiveRelation
37,subclass,Atom,ElementalSubstance
38,subclass,AtomicNucleus,SubatomicParticle
39,subclass,Attaching,DualObjectProcess
40,subclass,AttachingDevice,Device
41,subclass,Attack,Maneuver
42,subclass,Attribute,Abstract
43,subclass,August,Month
44,subclass,AutonomicProcess,PhysiologicProcess
45,subclass,Bacterium,Microorganism
46,subclass,Battle,ViolentContest
47,subclass,BeliefGroup,GroupOfPeople
48,subclass,Betting,FinancialTransaction
49,subclass,BinaryFunction,Function
50,subclass,BinaryFunction,InheritableRelation
51,subclass,BinaryFunction,TernaryRelation
52,subclass,BinaryNumber,RealNumber
53,subclass,BinaryPredicate,BinaryRelation
54,subclass,BinaryPredicate,InheritableRelation
55,subclass,BinaryPredicate,Predicate
56,subclass,BinaryRelation,InheritableRelation
57,subclass,BinaryRelation,Relation
58,subclass,BiologicalAttribute,InternalAttribute
59,subclass,BiologicalProcess,InternalChange
60,subclass,BiologicallyActiveSubstance,Substance
61,subclass,Bird,WarmBloodedVertebrate
62,subclass,Birth,OrganismProcess
63,subclass,Blood,BodySubstance
64,subclass,BodyCavity,BodyPart
65,subclass,BodyCovering,BodyPart
66,subclass,BodyJunction,BodyPart
67,subclass,BodyMotion,Motion
68,subclass,BodyPart,AnatomicalStructure
69,subclass,BodyPosition,BiologicalAttribute
70,subclass,BodySubstance,Substance
71,subclass,BodyVessel,BodyCavity
72,subclass,Boiling,StateChange
73,subclass,Bone,AnimalSubstance
74,subclass,Bone,Tissue
75,subclass,Borrowing,Getting
76,subclass,Breathing,AutonomicProcess
77,subclass,Breathing,OrganismProcess
78,subclass,Building,StationaryArtifact
79,subclass,Business,CommercialAgent
80,subclass,Business,Organization
81,subclass,Buying,FinancialTransaction
82,subclass,Calculating,IntentionalPsychologicalProcess
83,subclass,Canine,Carnivore
84,subclass,Carbohydrate,Nutrient
85,subclass,Carnivore,Mammal
86,subclass,Carrying,Transfer
87,subclass,CaseRole,AsymmetricRelation
88,subclass,CaseRole,BinaryPredicate
89,subclass,CaseRole,InheritableRelation
90,subclass,Cell,BodyPart
91,subclass,Certificate,Text
92,subclass,ChangeOfPossession,SocialInteraction
93,subclass,Character,SymbolicString
94,subclass,ChemicalDecomposition,ChemicalProcess
95,subclass,ChemicalDecomposition,Separating
96,subclass,ChemicalProcess,InternalChange
97,subclass,ChemicalSynthesis,ChemicalProcess
98,subclass,ChemicalSynthesis,Combining
99,subclass,Circle,Oval
100,subclass,City,GeopoliticalArea
101,subclass,City,LandArea
102,subclass,Class,SetOrClass
103,subclass,Classifying,IntentionalPsychologicalProcess
104,subclass,ClosedTwoDimensionalFigure,TwoDimensionalFigure
105,subclass,Clothing,WearableItem
106,subclass,Cloud,GasMixture
107,subclass,CognitiveAgent,SentientAgent
108,subclass,ColdBloodedVertebrate,Vertebrate
109,subclass,Collection,Object
110,subclass,ColorAttribute,VisualAttribute
111,subclass,Coloring,SurfaceChange
112,subclass,Combining,DualObjectProcess
113,subclass,Combustion,ChemicalDecomposition
114,subclass,CommercialAgent,Agent
115,subclass,CommercialService,FinancialTransaction
116,subclass,CommercialService,ServiceProcess
117,subclass,Committing,LinguisticCommunication
118,subclass,Communication,ContentBearingProcess
119,subclass,Communication,SocialInteraction
120,subclass,CommutativeFunction,BinaryFunction
121,subclass,Comparing,DualObjectProcess
122,subclass,Comparing,IntentionalPsychologicalProcess
123,subclass,ComplexNumber,Number
124,subclass,CompositeUnitOfMeasure,UnitOfMeasure
125,subclass,CompoundSubstance,PureSubstance
126,subclass,ComputerLanguage,ArtificialLanguage
127,subclass,ComputerProgram,Procedure
128,subclass,ComputerProgramming,ContentDevelopment
129,subclass,Condensing,StateChange
130,subclass,Confining,Keeping
131,subclass,ConsciousnessAttribute,StateOfMind
132,subclass,ConstantQuantity,PhysicalQuantity
133,subclass,ConstructedLanguage,ArtificialLanguage
134,subclass,ConstructedLanguage,HumanLanguage
135,subclass,Constructing,Making
136,subclass,ContentBearingObject,ContentBearingPhysical
137,subclass,ContentBearingObject,CorpuscularObject
138,subclass,ContentBearingPhysical,Physical
139,subclass,ContentBearingProcess,ContentBearingPhysical
140,subclass,ContentBearingProcess,Process
141,subclass,ContentDevelopment,IntentionalProcess
142,subclass,Contest,SocialInteraction
143,subclass,ContestAttribute,ObjectiveNorm
144,subclass,Continent,LandArea
145,subclass,ContinuousFunction,Function
146,subclass,Cooking,Making
147,subclass,Cooling,Decreasing
148,subclass,Cooperation,SocialInteraction
149,subclass,Corporation,Business
150,subclass,Corporation,LegalAgent
151,subclass,CorpuscularObject,SelfConnectedObject
152,subclass,Counting,Calculating
153,subclass,County,GeopoliticalArea
154,subclass,County,LandArea
155,subclass,Covering,Putting
156,subclass,Creation,InternalChange
157,subclass,Crustacean,Arthropod
158,subclass,Currency,FinancialInstrument
159,subclass,CurrencyMeasure,ConstantQuantity
160,subclass,Cutting,Poking
161,subclass,Damaging,InternalChange
162,subclass,Dancing,BodyMotion
163,subclass,Day,TimeInterval
164,subclass,Death,OrganismProcess
165,subclass,December,Month
166,subclass,Deciding,Selecting
167,subclass,Declaring,LinguisticCommunication
168,subclass,Decoding,Writing
169,subclass,Decreasing,QuantityChange
170,subclass,DeductiveArgument,Argument
171,subclass,DefensiveManeuver,Maneuver
172,subclass,Demonstrating,Disseminating
173,subclass,DeonticAttribute,ObjectiveNorm
174,subclass,Designing,IntentionalPsychologicalProcess
175,subclass,Destruction,Damaging
176,subclass,Detaching,DualObjectProcess
177,subclass,DevelopmentalAttribute,BiologicalAttribute
178,subclass,Device,Artifact
179,subclass,DiagnosticProcess,Investigating
180,subclass,Digesting,AutonomicProcess
181,subclass,Digesting,OrganismProcess
182,subclass,DirectedGraph,Graph
183,subclass,Directing,LinguisticCommunication
184,subclass,DirectionChange,Motion
185,subclass,DirectionalAttribute,PositionalAttribute
186,subclass,Disagreeing,Stating
187,subclass,Discovering,IntentionalPsychologicalProcess
188,subclass,DiseaseOrSyndrome,BiologicalAttribute
189,subclass,Disseminating,Communication
190,subclass,Drinking,Ingesting
191,subclass,Driving,Guiding
192,subclass,Drying,Removing
193,subclass,DualObjectProcess,Process
194,subclass,Eating,Ingesting
195,subclass,EducationalOrganization,Organization
196,subclass,EducationalProcess,Guiding
197,subclass,Egg,AnimalAnatomicalStructure
198,subclass,Egg,ReproductiveBody
199,subclass,Election,OrganizationalProcess
200,subclass,Electron,SubatomicParticle
201,subclass,ElementalSubstance,PureSubstance
202,subclass,EmotionalState,StateOfMind
203,subclass,Encoding,Writing
204,subclass,EngineeringComponent,Device
205,subclass,EngineeringConnection,EngineeringComponent
206,subclass,Enzyme,Protein
207,subclass,EquivalenceRelation,ReflexiveRelation
208,subclass,EquivalenceRelation,SymmetricRelation
209,subclass,EquivalenceRelation,TransitiveRelation
210,subclass,EthnicGroup,GroupOfPeople
211,subclass,Evaporating,StateChange
212,subclass,EvenInteger,Integer
213,subclass,Experimenting,Investigating
214,subclass,Explanation,DeductiveArgument
215,subclass,Expressing,Communication
216,subclass,Fabric,Artifact
217,subclass,FactualText,Text
218,subclass,Falling,MotionDownward
219,subclass,Falling,Translocation
220,subclass,FamilyGroup,GroupOfPeople
221,subclass,FatTissue,Tissue
222,subclass,February,Month
223,subclass,Feline,Carnivore
224,subclass,Fern,NonFloweringPlant
225,subclass,FictionalText,Text
226,subclass,FieldOfStudy,Proposition
227,subclass,FinancialInstrument,Certificate
228,subclass,FinancialTransaction,Transaction
229,subclass,FiniteSet,Set
230,subclass,Fish,ColdBloodedVertebrate
231,subclass,FloweringPlant,Plant
232,subclass,Formula,Sentence
233,subclass,Freezing,StateChange
234,subclass,FrequencyMeasure,TimeDependentQuantity
235,subclass,FreshWaterArea,WaterArea
236,subclass,Friday,Day
237,subclass,FruitOrVegetable,PlantAnatomicalStructure
238,subclass,FruitOrVegetable,ReproductiveBody
239,subclass,Function,InheritableRelation
240,subclass,Function,SingleValuedRelation
241,subclass,FunctionQuantity,PhysicalQuantity
242,subclass,Funding,Giving
243,subclass,Fungus,Organism
244,subclass,Game,Contest
245,subclass,Game,RecreationOrExercise
246,subclass,GasMixture,Mixture
247,subclass,GasMotion,Motion
248,subclass,GeographicArea,Region
249,subclass,GeologicalProcess,InternalChange
250,subclass,GeologicalProcess,Motion
251,subclass,GeometricFigure,ShapeAttribute
252,subclass,GeometricPoint,GeometricFigure
253,subclass,GeopoliticalArea,Agent
254,subclass,GeopoliticalArea,GeographicArea
255,subclass,Gesture,BodyMotion
256,subclass,Gesture,Communication
257,subclass,Getting,ChangeOfPossession
258,subclass,Giving,ChangeOfPossession
259,subclass,GivingBack,Giving
260,subclass,Gland,Organ
261,subclass,Government,GovernmentOrganization
262,subclass,Government,LegalAgent
263,subclass,GovernmentOrganization,Organization
264,subclass,Grabbing,Attaching
265,subclass,Grabbing,Touching
266,subclass,Graduation,LeavingAnOrganization
267,subclass,Graph,Abstract
268,subclass,GraphArc,GraphElement
269,subclass,GraphCircuit,GraphPath
270,subclass,GraphElement,Abstract
271,subclass,GraphLoop,GraphArc
272,subclass,GraphNode,GraphElement
273,subclass,GraphPath,DirectedGraph
274,subclass,Group,Agent
275,subclass,Group,Collection
276,subclass,GroupOfPeople,Group
277,subclass,Growth,AutonomicProcess
278,subclass,Guiding,IntentionalProcess
279,subclass,Hearing,Perception
280,subclass,Heating,Increasing
281,subclass,Hiring,JoiningAnOrganization
282,subclass,Hole,Region
283,subclass,Hominid,Primate
284,subclass,HoofedMammal,Mammal
285,subclass,Hormone,BiologicallyActiveSubstance
286,subclass,Hormone,BodySubstance
287,subclass,Hour,TimeInterval
288,subclass,House,ResidentialBuilding
289,subclass,House,SingleFamilyResidence
290,subclass,Human,CognitiveAgent
291,subclass,Human,Hominid
292,subclass,HumanLanguage,Language
293,subclass,Hunting,Pursuing
294,subclass,Icon,ContentBearingPhysical
295,subclass,ImaginaryNumber,Number
296,subclass,Impacting,Touching
297,subclass,Impelling,Transfer
298,subclass,Increasing,QuantityChange
299,subclass,InductiveArgument,Argument
300,subclass,InformationMeasure,ConstantQuantity
301,subclass,Ingesting,OrganismProcess
302,subclass,InheritableRelation,Relation
303,subclass,Injecting,Inserting
304,subclass,Injuring,Damaging
305,subclass,Injuring,PathologicProcess
306,subclass,Insect,Arthropod
307,subclass,Inserting,Putting
308,subclass,Integer,RationalNumber
309,subclass,IntentionalProcess,Process
310,subclass,IntentionalPsychologicalProcess,IntentionalProcess
311,subclass,IntentionalPsychologicalProcess,PsychologicalProcess
312,subclass,IntentionalRelation,InheritableRelation
313,subclass,IntentionalRelation,Relation
314,subclass,InternalAttribute,Attribute
315,subclass,InternalChange,Process
316,subclass,Interpreting,IntentionalPsychologicalProcess
317,subclass,IntransitiveRelation,BinaryRelation
318,subclass,InvalidDeductiveArgument,DeductiveArgument
319,subclass,Invertebrate,Animal
320,subclass,Investigating,IntentionalPsychologicalProcess
321,subclass,IrrationalNumber,RealNumber
322,subclass,IrreflexiveRelation,BinaryRelation
323,subclass,Island,LandArea
324,subclass,January,Month
325,subclass,JoiningAnOrganization,OrganizationalProcess
326,subclass,Judging,Selecting
327,subclass,JudicialOrganization,Organization
328,subclass,JudicialProcess,PoliticalProcess
329,subclass,July,Month
330,subclass,June,Month
331,subclass,Keeping,IntentionalProcess
332,subclass,Killing,Destruction
333,subclass,LandArea,GeographicArea
334,subclass,LandTransitway,LandArea
335,subclass,LandTransitway,Transitway
336,subclass,Language,LinguisticExpression
337,subclass,LeapYear,Year
338,subclass,Learning,IntentionalPsychologicalProcess
339,subclass,LeavingAnOrganization,OrganizationalProcess
340,subclass,LegalAction,Contest
341,subclass,LegalAgent,Agent
342,subclass,LegalDecision,Declaring
343,subclass,LegalDecision,JudicialProcess
344,subclass,Lending,Giving
345,subclass,LengthMeasure,ConstantQuantity
346,subclass,LinguisticCommunication,Communication
347,subclass,LinguisticExpression,ContentBearingPhysical
348,subclass,LiquidMixture,Mixture
349,subclass,LiquidMotion,Motion
350,subclass,List,Relation
351,subclass,Listening,Hearing
352,subclass,Listening,IntentionalProcess
353,subclass,LocalizablePlace,GeographicArea
354,subclass,LogicalOperator,Predicate
355,subclass,Looking,IntentionalProcess
356,subclass,Looking,Seeing
357,subclass,Machine,Device
358,subclass,Maintaining,IntentionalProcess
359,subclass,Making,Creation
360,subclass,Making,IntentionalProcess
361,subclass,MakingInstrumentalMusic,MakingMusic
362,subclass,MakingMusic,RadiatingSound
363,subclass,MakingVocalMusic,MakingMusic
364,subclass,MakingVocalMusic,Vocalizing
365,subclass,Mammal,WarmBloodedVertebrate
366,subclass,Man,Human
367,subclass,Managing,Guiding
368,subclass,Managing,OrganizationalProcess
369,subclass,Maneuver,IntentionalProcess
370,subclass,ManualHumanLanguage,HumanLanguage
371,subclass,Manufacture,Making
372,subclass,Manufacturer,Corporation
373,subclass,March,Month
374,subclass,Marsupial,Mammal
375,subclass,MassMeasure,ConstantQuantity
376,subclass,Matriculation,JoiningAnOrganization
377,subclass,May,Month
378,subclass,Measuring,Calculating
379,subclass,MeasuringDevice,Device
380,subclass,Meat,SelfConnectedObject
381,subclass,Meeting,SocialInteraction
382,subclass,Melting,StateChange
383,subclass,MercantileOrganization,Corporation
384,subclass,Metal,ElementalSubstance
385,subclass,Microorganism,Organism
386,subclass,MilitaryForce,PoliticalOrganization
387,subclass,MilitaryOrganization,GovernmentOrganization
388,subclass,MilitaryOrganization,MilitaryForce
389,subclass,MilitaryProcess,OrganizationalProcess
390,subclass,MilitaryProcess,PoliticalProcess
391,subclass,Mineral,Substance
392,subclass,Minute,TimeInterval
393,subclass,Mixture,Substance
394,subclass,Molecule,CompoundSubstance
395,subclass,Mollusk,Invertebrate
396,subclass,Monday,Day
397,subclass,Monkey,Primate
398,subclass,Month,TimeInterval
399,subclass,Morpheme,LinguisticExpression
400,subclass,Moss,NonFloweringPlant
401,subclass,Motion,Process
402,subclass,MotionDownward,Motion
403,subclass,MotionPicture,Text
404,subclass,MotionUpward,Motion
405,subclass,MultiGraph,Graph
406,subclass,Muscle,AnimalSubstance
407,subclass,Muscle,Tissue
408,subclass,MusicalInstrument,Device
409,subclass,MutuallyDisjointClass,SetOrClass
410,subclass,Myriapod,Arthropod
411,subclass,Naming,Declaring
412,subclass,Nation,GeopoliticalArea
413,subclass,Nation,LandArea
414,subclass,NaturalLanguage,HumanLanguage
415,subclass,NaturalProcess,Process
416,subclass,NaturalSubstance,Substance
417,subclass,NegativeInteger,Integer
418,subclass,NegativeInteger,NegativeRealNumber
419,subclass,NegativeRealNumber,RealNumber
420,subclass,Neutron,SubatomicParticle
421,subclass,NonCompositeUnitOfMeasure,UnitOfMeasure
422,subclass,NonFloweringPlant,Plant
423,subclass,NonNullSet,SetOrClass
424,subclass,NonnegativeInteger,Integer
425,subclass,NonnegativeInteger,NonnegativeRealNumber
426,subclass,NonnegativeRealNumber,RealNumber
427,subclass,NormativeAttribute,RelationalAttribute
428,subclass,Noun,Word
429,subclass,NounPhrase,Phrase
430,subclass,November,Month
431,subclass,NullSet,SetOrClass
432,subclass,Number,Quantity
433,subclass,Nutrient,BiologicallyActiveSubstance
434,subclass,Object,Physical
435,subclass,ObjectAttitude,InheritableRelation
436,subclass,ObjectAttitude,IntentionalRelation
437,subclass,ObjectiveNorm,NormativeAttribute
438,subclass,October,Month
439,subclass,OddInteger,Integer
440,subclass,Offering,Committing
441,subclass,OlfactoryAttribute,PerceptualAttribute
442,subclass,OneDimensionalFigure,GeometricFigure
443,subclass,OneToOneFunction,UnaryFunction
444,subclass,OpenTwoDimensionalFigure,TwoDimensionalFigure
445,subclass,Ordering,Directing
446,subclass,Organ,BodyPart
447,subclass,OrganOrTissueProcess,AutonomicProcess
448,subclass,OrganicObject,CorpuscularObject
449,subclass,OrganicObject,OrganicThing
450,subclass,OrganicThing,SelfConnectedObject
451,subclass,Organism,Agent
452,subclass,Organism,OrganicObject
453,subclass,OrganismProcess,PhysiologicProcess
454,subclass,Organization,Agent
455,subclass,Organization,Group
456,subclass,OrganizationalProcess,IntentionalProcess
457,subclass,Oval,ClosedTwoDimensionalFigure
458,subclass,PairwiseDisjointClass,SetOrClass
459,subclass,ParamilitaryOrganization,MilitaryForce
460,subclass,PartialOrderingRelation,AntisymmetricRelation
461,subclass,PartialOrderingRelation,ReflexiveRelation
462,subclass,PartialOrderingRelation,TransitiveRelation
463,subclass,PartialValuedRelation,Relation
464,subclass,ParticleWord,Word
465,subclass,Patent,Certificate
466,subclass,PathologicProcess,BiologicalProcess
467,subclass,Perception,PsychologicalProcess
468,subclass,PerceptualAttribute,Attribute
469,subclass,PermanentResidence,Residence
470,subclass,Phrase,LinguisticExpression
471,subclass,Physical,Entity
472,subclass,PhysicalAttribute,InternalAttribute
473,subclass,PhysicalQuantity,Quantity
474,subclass,PhysicalState,InternalAttribute
475,subclass,PhysicalSystem,Physical
476,subclass,PhysiologicProcess,BiologicalProcess
477,subclass,Plan,Procedure
478,subclass,PlaneAngleMeasure,AngleMeasure
479,subclass,Planning,IntentionalPsychologicalProcess
480,subclass,Plant,Organism
481,subclass,PlantAnatomicalStructure,AnatomicalStructure
482,subclass,PlantSubstance,BodySubstance
483,subclass,Poisoning,Injuring
484,subclass,Poking,IntentionalProcess
485,subclass,PoliceOrganization,GovernmentOrganization
486,subclass,PoliticalOrganization,Organization
487,subclass,PoliticalProcess,OrganizationalProcess
488,subclass,Pollen,PlantAnatomicalStructure
489,subclass,Pollen,ReproductiveBody
490,subclass,Position,SocialRole
491,subclass,PositionalAttribute,RelationalAttribute
492,subclass,PositiveInteger,NonnegativeInteger
493,subclass,PositiveInteger,PositiveRealNumber
494,subclass,PositiveRealNumber,NonnegativeRealNumber
495,subclass,Precipitation,Falling
496,subclass,Precipitation,WaterMotion
497,subclass,Precipitation,WeatherProcess
498,subclass,Predicate,InheritableRelation
499,subclass,Predicate,Relation
500,subclass,Predicting,IntentionalPsychologicalProcess
501,subclass,PrepositionalPhrase,Phrase
502,subclass,Pretending,SocialInteraction
503,subclass,PrimaryColor,ColorAttribute
504,subclass,Primate,Mammal
505,subclass,PrimeNumber,Integer
506,subclass,ProbabilityAttribute,ObjectiveNorm
507,subclass,ProbabilityRelation,InheritableRelation
508,subclass,ProbabilityRelation,Relation
509,subclass,Procedure,Proposition
510,subclass,Process,Physical
511,subclass,Product,Artifact
512,subclass,Proposition,Abstract
513,subclass,PropositionalAttitude,AsymmetricRelation
514,subclass,PropositionalAttitude,InheritableRelation
515,subclass,PropositionalAttitude,IntentionalRelation
516,subclass,Protein,Nutrient
517,subclass,Proton,SubatomicParticle
518,subclass,PseudoGraph,Graph
519,subclass,PsychologicalAttribute,BiologicalAttribute
520,subclass,PsychologicalDysfunction,DiseaseOrSyndrome
521,subclass,PsychologicalDysfunction,PsychologicalAttribute
522,subclass,PsychologicalProcess,BiologicalProcess
523,subclass,Publication,ContentDevelopment
524,subclass,Publication,Manufacture
525,subclass,PureSubstance,Substance
526,subclass,Pursuing,IntentionalProcess
527,subclass,Putting,Transfer
528,subclass,Quantity,Abstract
529,subclass,QuantityChange,InternalChange
530,subclass,QuaternaryFunction,Function
531,subclass,QuaternaryFunction,InheritableRelation
532,subclass,QuaternaryFunction,QuintaryRelation
533,subclass,QuaternaryPredicate,InheritableRelation
534,subclass,QuaternaryPredicate,Predicate
535,subclass,QuaternaryPredicate,QuaternaryRelation
536,subclass,QuaternaryRelation,InheritableRelation
537,subclass,QuaternaryRelation,Relation
538,subclass,Questioning,Directing
539,subclass,QuintaryPredicate,InheritableRelation
540,subclass,QuintaryPredicate,Predicate
541,subclass,QuintaryPredicate,QuintaryRelation
542,subclass,QuintaryRelation,InheritableRelation
543,subclass,QuintaryRelation,Relation
544,subclass,Radiating,Motion
545,subclass,RadiatingElectromagnetic,Radiating
546,subclass,RadiatingInfrared,RadiatingElectromagnetic
547,subclass,RadiatingLight,RadiatingElectromagnetic
548,subclass,RadiatingNuclear,Radiating
549,subclass,RadiatingSound,Radiating
550,subclass,RadiatingXRay,RadiatingElectromagnetic
551,subclass,RationalNumber,RealNumber
552,subclass,Reading,ContentDevelopment
553,subclass,RealNumber,Number
554,subclass,Reasoning,IntentionalPsychologicalProcess
555,subclass,RecreationOrExercise,IntentionalProcess
556,subclass,ReflexiveRelation,BinaryRelation
557,subclass,Region,Object
558,subclass,RegulatoryProcess,Guiding
559,subclass,Relation,Abstract
560,subclass,RelationExtendedToQuantities,InheritableRelation
561,subclass,RelationExtendedToQuantities,Relation
562,subclass,RelationalAttribute,Attribute
563,subclass,Releasing,Transfer
564,subclass,ReligiousOrganization,BeliefGroup
565,subclass,ReligiousOrganization,Organization
566,subclass,ReligiousProcess,OrganizationalProcess
567,subclass,Remembering,PsychologicalProcess
568,subclass,Removing,Transfer
569,subclass,Repairing,IntentionalProcess
570,subclass,Replication,OrganismProcess
571,subclass,RepresentationalArtWork,ArtWork
572,subclass,RepresentationalArtWork,Icon
573,subclass,ReproductiveBody,BodyPart
574,subclass,Reptile,ColdBloodedVertebrate
575,subclass,Requesting,Directing
576,subclass,Residence,StationaryArtifact
577,subclass,ResidentialBuilding,Building
578,subclass,ResidentialBuilding,Residence
579,subclass,Roadway,LandTransitway
580,subclass,Rodent,Mammal
581,subclass,Room,StationaryArtifact
582,subclass,Running,Ambulating
583,subclass,SaltWaterArea,WaterArea
584,subclass,SaturationAttribute,InternalAttribute
585,subclass,Saturday,Day
586,subclass,Second,TimeInterval
587,subclass,Seed,PlantAnatomicalStructure
588,subclass,Seed,ReproductiveBody
589,subclass,Seeing,Perception
590,subclass,Selecting,IntentionalPsychologicalProcess
591,subclass,SelfConnectedObject,Object
592,subclass,Selling,FinancialTransaction
593,subclass,Sentence,LinguisticExpression
594,subclass,SentientAgent,Agent
595,subclass,Separating,DualObjectProcess
596,subclass,September,Month
597,subclass,SequenceFunction,OneToOneFunction
598,subclass,ServiceProcess,SocialInteraction
599,subclass,Set,SetOrClass
600,subclass,SetOrClass,Abstract
601,subclass,SexAttribute,BiologicalAttribute
602,subclass,SexualReproduction,Replication
603,subclass,ShapeAttribute,StructureAttribute
604,subclass,ShapeChange,InternalChange
605,subclass,Shooting,Impelling
606,subclass,ShoreArea,LandArea
607,subclass,Singing,MakingVocalMusic
608,subclass,SingleAgentProcess,Process
609,subclass,SingleFamilyResidence,PermanentResidence
610,subclass,SingleValuedRelation,InheritableRelation
611,subclass,SingleValuedRelation,Relation
612,subclass,Smelling,Perception
613,subclass,Smoke,Cloud
614,subclass,SocialInteraction,IntentionalProcess
615,subclass,SocialRole,RelationalAttribute
616,subclass,SocialUnit,GroupOfPeople
617,subclass,SolidAngleMeasure,AngleMeasure
618,subclass,Solution,LiquidMixture
619,subclass,SoundAttribute,PerceptualAttribute
620,subclass,SoundAttribute,RelationalAttribute
621,subclass,SpatialRelation,InheritableRelation
622,subclass,SpatialRelation,Relation
623,subclass,Speaking,LinguisticCommunication
624,subclass,Speaking,Vocalizing
625,subclass,SpokenHumanLanguage,HumanLanguage
626,subclass,Spore,PlantAnatomicalStructure
627,subclass,Spore,ReproductiveBody
628,subclass,Sport,Game
629,subclass,StateChange,InternalChange
630,subclass,StateOfMind,PsychologicalAttribute
631,subclass,StateOrProvince,GeopoliticalArea
632,subclass,StateOrProvince,LandArea
633,subclass,Stating,LinguisticCommunication
634,subclass,StationaryArtifact,Artifact
635,subclass,StructureAttribute,InternalAttribute
636,subclass,SubatomicParticle,ElementalSubstance
637,subclass,SubjectiveAssessmentAttribute,NormativeAttribute
638,subclass,Substance,SelfConnectedObject
639,subclass,Substituting,DualObjectProcess
640,subclass,Substituting,Transfer
641,subclass,Summary,Text
642,subclass,Sunday,Day
643,subclass,Supposing,LinguisticCommunication
644,subclass,SurfaceChange,InternalChange
645,subclass,Surgery,TherapeuticProcess
646,subclass,Suspension,LiquidMixture
647,subclass,Swimming,BodyMotion
648,subclass,SymbolicString,ContentBearingObject
649,subclass,SymmetricPositionalAttribute,PositionalAttribute
650,subclass,SymmetricRelation,BinaryRelation
651,subclass,SyntheticSubstance,Substance
652,subclass,SystemeInternationalUnit,UnitOfMeasure
653,subclass,TactilePerception,Perception
654,subclass,TasteAttribute,PerceptualAttribute
655,subclass,Tasting,Perception
656,subclass,TemperatureMeasure,ConstantQuantity
657,subclass,TemporalRelation,InheritableRelation
658,subclass,TemporalRelation,Relation
659,subclass,TemporaryResidence,Residence
660,subclass,TerminatingEmployment,LeavingAnOrganization
661,subclass,TernaryFunction,Function
662,subclass,TernaryFunction,InheritableRelation
663,subclass,TernaryFunction,QuaternaryRelation
664,subclass,TernaryPredicate,InheritableRelation
665,subclass,TernaryPredicate,Predicate
666,subclass,TernaryPredicate,TernaryRelation
667,subclass,TernaryRelation,InheritableRelation
668,subclass,TernaryRelation,Relation
669,subclass,Text,Artifact
670,subclass,Text,ContentBearingObject
671,subclass,Text,LinguisticExpression
672,subclass,TextureAttribute,PerceptualAttribute
673,subclass,TherapeuticProcess,Repairing
674,subclass,ThreeDimensionalFigure,GeometricFigure
675,subclass,Thursday,Day
676,subclass,TimeDependentQuantity,UnaryConstantFunctionQuantity
677,subclass,TimeDuration,TimeMeasure
678,subclass,TimeInterval,TimePosition
679,subclass,TimeMeasure,ConstantQuantity
680,subclass,TimePoint,TimePosition
681,subclass,TimePosition,TimeMeasure
682,subclass,TimeZone,RelationalAttribute
683,subclass,Tissue,BodySubstance
684,subclass,TotalOrderingRelation,PartialOrderingRelation
685,subclass,TotalOrderingRelation,TrichotomizingRelation
686,subclass,TotalValuedRelation,InheritableRelation
687,subclass,TotalValuedRelation,Relation
688,subclass,Touching,Transfer
689,subclass,TraitAttribute,PsychologicalAttribute
690,subclass,Transaction,ChangeOfPossession
691,subclass,Transaction,DualObjectProcess
692,subclass,Transfer,Translocation
693,subclass,TransitiveRelation,BinaryRelation
694,subclass,Transitway,Region
695,subclass,Transitway,SelfConnectedObject
696,subclass,Translating,ContentDevelopment
697,subclass,Translating,DualObjectProcess
698,subclass,Translocation,Motion
699,subclass,Transportation,Translocation
700,subclass,TransportationDevice,Device
701,subclass,Tree,DirectedGraph
702,subclass,TrichotomizingRelation,BinaryRelation
703,subclass,TruthValue,RelationalAttribute
704,subclass,Tuesday,Day
705,subclass,TwoDimensionalAngle,OpenTwoDimensionalFigure
706,subclass,TwoDimensionalFigure,GeometricFigure
707,subclass,UnaryConstantFunctionQuantity,FunctionQuantity
708,subclass,UnaryFunction,BinaryRelation
709,subclass,UnaryFunction,Function
710,subclass,UnaryFunction,InheritableRelation
711,subclass,Uncovering,Removing
712,subclass,Ungrasping,Detaching
713,subclass,UnilateralGetting,Getting
714,subclass,UnilateralGiving,Giving
715,subclass,UniqueList,List
716,subclass,UnitOfAngularMeasure,NonCompositeUnitOfMeasure
717,subclass,UnitOfArea,CompositeUnitOfMeasure
718,subclass,UnitOfAtmosphericPressure,CompositeUnitOfMeasure
719,subclass,UnitOfCurrency,NonCompositeUnitOfMeasure
720,subclass,UnitOfDuration,NonCompositeUnitOfMeasure
721,subclass,UnitOfFrequency,CompositeUnitOfMeasure
722,subclass,UnitOfInformation,NonCompositeUnitOfMeasure
723,subclass,UnitOfLength,NonCompositeUnitOfMeasure
724,subclass,UnitOfMass,NonCompositeUnitOfMeasure
725,subclass,UnitOfMeasure,PhysicalQuantity
726,subclass,UnitOfMeasureMultiplier,TotalValuedRelation
727,subclass,UnitOfMeasureMultiplier,UnaryFunction
728,subclass,UnitOfTemperature,NonCompositeUnitOfMeasure
729,subclass,UnitOfVolume,CompositeUnitOfMeasure
730,subclass,ValidDeductiveArgument,DeductiveArgument
731,subclass,VariableArityRelation,Relation
732,subclass,Vehicle,TransportationDevice
733,subclass,Verb,Word
734,subclass,VerbPhrase,Phrase
735,subclass,Vertebrate,Animal
736,subclass,ViolentContest,Contest
737,subclass,Virus,Microorganism
738,subclass,VisualAttribute,PerceptualAttribute
739,subclass,Vitamin,Nutrient
740,subclass,VocalCords,Organ
741,subclass,Vocalizing,RadiatingSound
742,subclass,VolumeMeasure,FunctionQuantity
743,subclass,Voting,Deciding
744,subclass,Walking,Ambulating
745,subclass,War,ViolentContest
746,subclass,WarmBloodedVertebrate,Vertebrate
747,subclass,Water,CompoundSubstance
748,subclass,WaterArea,GeographicArea
749,subclass,WaterCloud,Cloud
750,subclass,WaterMotion,LiquidMotion
751,subclass,Weapon,Device
752,subclass,WearableItem,Artifact
753,subclass,WeatherProcess,Motion
754,subclass,Wednesday,Day
755,subclass,Week,TimeInterval
756,subclass,Wetting,Putting
757,subclass,Wind,GasMotion
758,subclass,Woman,Human
759,subclass,Word,LinguisticExpression
760,subclass,Worm,Invertebrate
761,subclass,Writing,ContentDevelopment
762,subclass,Year,TimeInterval
